{
  "seed42": {
    "n_total": 551,
    "n_gold_nonempty": 529,
    "N": 8,
    "greedy_f1": 0.6682591818453271,
    "oracle_f1": 0.7840431913617276,
    "mv_f1": 0.6558109833971904,
    "delta": 0.1342155009451796,
    "alpha_crit": 0.33412959092266353,
    "n_conditional": 481,
    "rho_full": {
      "SJ": 0.35237641769818245,
      "FK": 0.250717098601997,
      "EM": 0.2946749365337211,
      "VC": 0.3970020925154742,
      "LP": 0.2098080596262029
    },
    "rho_cond": {
      "SJ": 0.3322937020153413,
      "FK": 0.1851625535353072,
      "EM": 0.3642121469209486,
      "VC": 0.3252886527121813,
      "LP": 0.16349237060360247
    },
    "sel_lp_f1": 0.6650915534554046,
    "sel_sj_f1": 0.6578552117753079,
    "sel_random_f1": 0.6347878063359236,
    "consensus_construct_f1": 0.6696669666966697
  },
  "seed123": {
    "n_total": 551,
    "n_gold_nonempty": 529,
    "N": 8,
    "greedy_f1": 0.6662682999701225,
    "oracle_f1": 0.7788719785138765,
    "mv_f1": 0.6651757188498402,
    "delta": 0.10964083175803403,
    "alpha_crit": 0.33313414998506125,
    "n_conditional": 479,
    "rho_full": {
      "SJ": 0.36812591470996975,
      "FK": 0.2457141083105047,
      "EM": 0.3187476424058603,
      "VC": 0.38431090729184403,
      "LP": 0.22088663649894605
    },
    "rho_cond": {
      "SJ": 0.3048917044704288,
      "FK": 0.15335587983854876,
      "EM": 0.36695349374008196,
      "VC": 0.3035838820829655,
      "LP": 0.15077389773787025
    },
    "sel_lp_f1": 0.6717782365084046,
    "sel_sj_f1": 0.6618181818181817,
    "sel_random_f1": 0.6181259600614439,
    "consensus_construct_f1": 0.6744815148782687
  },
  "seed456": {
    "n_total": 551,
    "n_gold_nonempty": 529,
    "N": 8,
    "greedy_f1": 0.6662682999701225,
    "oracle_f1": 0.7794779477947795,
    "mv_f1": 0.6576663452266153,
    "delta": 0.12098298676748583,
    "alpha_crit": 0.33313414998506125,
    "n_conditional": 478,
    "rho_full": {
      "SJ": 0.3755666652097744,
      "FK": 0.2832042688417946,
      "EM": 0.32228027364884415,
      "VC": 0.4117066927683918,
      "LP": 0.2183972604549418
    },
    "rho_cond": {
      "SJ": 0.3354840140708899,
      "FK": 0.19258485378571713,
      "EM": 0.4101948933249199,
      "VC": 0.34943660014818095,
      "LP": 0.16277791614178166
    },
    "sel_lp_f1": 0.6639150943396227,
    "sel_sj_f1": 0.6666666666666667,
    "sel_random_f1": 0.628158844765343,
    "consensus_construct_f1": 0.6660633484162896
  }
}