{
  "Qwen_SciERC": {
    "model": "Qwen2.5-7B",
    "dataset": "SciERC",
    "n_instances": 529,
    "greedy_f1": 0.6650674662668666,
    "N_values": [
      1,
      2,
      4,
      8,
      16,
      32
    ],
    "oracle_f1_mean": [
      0.6312610256781521,
      0.6996158650220426,
      0.7498152382477941,
      0.7869358760325591,
      0.8179356003611196,
      0.8412172341066586
    ],
    "oracle_f1_std": [
      0.005604335736370291,
      0.00481922164580812,
      0.004122016534240836,
      0.0025728091291962116,
      0.0,
      0.0
    ],
    "fit": {
      "a": 0.9135311690609023,
      "b": 0.28174756497001413,
      "c": 0.39010584626913464,
      "a_se": 0.005440960970995752,
      "b_se": 0.0050944063115455455,
      "c_se": 0.013707435421210829,
      "R2": 0.9998741899163806,
      "residuals": [
        -0.0005225784127360633,
        0.001078829717486962,
        0.00034042067500927864,
        -0.001408219347091011,
        -6.861546255709783e-05,
        0.0005801628662863711
      ],
      "fitted_values": [
        0.6317836040908882,
        0.6985370353045557,
        0.7494748175727848,
        0.7883440953796501,
        0.8180042158236767,
        0.8406370712403722
      ]
    }
  },
  "Qwen_CoNLL": {
    "model": "Qwen2.5-7B",
    "dataset": "CoNLL2003",
    "n_instances": 2756,
    "greedy_f1": 0.9123674911660777,
    "N_values": [
      1,
      2,
      4,
      8,
      16
    ],
    "oracle_f1_mean": [
      0.8731839846215882,
      0.9181922478457972,
      0.9408310822188748,
      0.9540744130007534,
      0.9637342274772788
    ],
    "oracle_f1_std": [
      0.002620600189255423,
      0.0016663028545169515,
      0.00153220304441505,
      0.0007978062811644555,
      0.0
    ],
    "fit": {
      "a": 0.9724499800236931,
      "b": 0.09896364059619096,
      "c": 0.8385557782951372,
      "a_se": 0.0027110663759735447,
      "b_se": 0.0027263047327574677,
      "c_se": 0.057941485653617376,
      "R2": 0.9992722947837236,
      "residuals": [
        -0.00030235480591389585,
        0.0010830408246034207,
        -0.0006721668836032757,
        -0.001070059659194822,
        0.0009615405375967834
      ],
      "fitted_values": [
        0.8734863394275021,
        0.9171092070211938,
        0.9415032491024781,
        0.9551444726599482,
        0.962772686939682
      ]
    }
  },
  "Qwen_FewNERD": {
    "model": "Qwen2.5-7B",
    "dataset": "FewNERD",
    "n_instances": 4351,
    "greedy_f1": 0.7926360352662445,
    "N_values": [
      1,
      2,
      4,
      8,
      16
    ],
    "oracle_f1_mean": [
      0.7056160008540558,
      0.7940135676713462,
      0.8488694751789719,
      0.8857663757536629,
      0.9118358430209879
    ],
    "oracle_f1_std": [
      0.004590692310140593,
      0.0024060479179442372,
      0.0011597687492870996,
      0.000902163620980815,
      0.0
    ],
    "fit": {
      "a": 0.957048896935629,
      "b": 0.2510446359626889,
      "c": 0.6119111080756432,
      "a_se": 0.004544102302897567,
      "b_se": 0.00431387304353595,
      "c_se": 0.022851171267871225,
      "R2": 0.9998623840429924,
      "residuals": [
        -0.0003882601188842649,
        0.0012305444849882718,
        -0.000695439176675472,
        -0.0009525966056203039,
        0.0008058799970589448
      ],
      "fitted_values": [
        0.7060042609729401,
        0.792783023186358,
        0.8495649143556474,
        0.8867189723592832,
        0.9110299630239289
      ]
    }
  },
  "LLaMA_SciERC": {
    "model": "LLaMA-3.1-8B",
    "dataset": "SciERC",
    "n_instances": 529,
    "greedy_f1": 0.6618444846292949,
    "N_values": [
      1,
      2,
      4,
      8,
      16
    ],
    "oracle_f1_mean": [
      0.6415382200947318,
      0.6992995797720855,
      0.742851629167839,
      0.7789932792551235,
      0.8105992171032821
    ],
    "oracle_f1_std": [
      0.0071239556456186405,
      0.003472845539744124,
      0.0038576458614601795,
      0.002973588698722318,
      0.0
    ],
    "fit": {
      "a": 0.9378042497479906,
      "b": 0.29574570926818206,
      "c": 0.30228627989867773,
      "a_se": 0.017534264362768143,
      "b_se": 0.01698872850330311,
      "c_se": 0.02646333508985639,
      "R2": 0.9997786557755753,
      "residuals": [
        -0.0005203203850766558,
        0.0013351088428592561,
        -0.00045066264414694857,
        -0.0010764536113849754,
        0.0007123316834216631
      ],
      "fitted_values": [
        0.6420585404798085,
        0.6979644709292262,
        0.7433022918119859,
        0.7800697328665085,
        0.8098868854198604
      ]
    }
  },
  "LLaMA_CoNLL": {
    "model": "LLaMA-3.1-8B",
    "dataset": "CoNLL2003",
    "n_instances": 2756,
    "greedy_f1": 0.9297546283993268,
    "N_values": [
      1,
      2,
      4,
      8,
      16
    ],
    "oracle_f1_mean": [
      0.9266594176436158,
      0.9358375746167475,
      0.9421345337408015,
      0.9477629183811157,
      0.9523893805309734
    ],
    "oracle_f1_std": [
      0.0013868568012321866,
      0.001014832551432882,
      0.0008631153955183307,
      0.0007037519402518705,
      0.0
    ],
    "fit": {
      "a": 0.9693855600742608,
      "b": 0.042598511146312246,
      "c": 0.32877386797492497,
      "a_se": 0.003708488721391545,
      "b_se": 0.003578336510651995,
      "c_se": 0.04360511684623428,
      "R2": 0.9994059091429256,
      "residuals": [
        -0.00012763128433279647,
        0.0003694981956651189,
        -0.00024548866543183667,
        -0.00012048451082979916,
        0.00012411515983834498
      ],
      "fitted_values": [
        0.9267870489279486,
        0.9354680764210824,
        0.9423800224062333,
        0.9478834028919455,
        0.9522652653711351
      ]
    }
  },
  "LLaMA_FewNERD": {
    "model": "LLaMA-3.1-8B",
    "dataset": "FewNERD",
    "n_instances": 32565,
    "greedy_f1": 0.7991241744267137,
    "N_values": [
      1,
      2,
      4,
      8
    ],
    "oracle_f1_mean": [
      0.7487717211527392,
      0.8156028278391373,
      0.8578697272870948,
      0.8872631660351094
    ],
    "oracle_f1_std": [
      0.0008700694775490355,
      0.0006198199803797618,
      0.000489390816754823,
      0.0
    ],
    "fit": {
      "a": 0.941147652893332,
      "b": 0.19225461386736362,
      "c": 0.6091793939920455,
      "a_se": 0.005276774520494441,
      "b_se": 0.005082552289893372,
      "c_se": 0.029490902891257848,
      "R2": 0.999929705914334,
      "residuals": [
        -0.00012131787322922083,
        0.0004914330146629231,
        -0.0006524008999286846,
        0.000282285764168444
      ],
      "fitted_values": [
        0.7488930390259684,
        0.8151113948244744,
        0.8585221281870234,
        0.8869808802709409
      ]
    }
  }
}