{
  "Qwen_SciERC": {
    "model": "Qwen2.5-7B",
    "dataset": "SciERC",
    "N": [
      1,
      2,
      4,
      8,
      16,
      32
    ],
    "oracle_f1": [
      0.6312610256781521,
      0.6996158650220426,
      0.7498152382477941,
      0.7869358760325591,
      0.8179356003611196,
      0.8412172341066586
    ],
    "oracle_f1_std": [
      0.005604335736370291,
      0.00481922164580812,
      0.004122016534240836,
      0.0025728091291962116,
      0.0,
      0.0
    ],
    "greedy_f1": 0.6650674662668666,
    "fit_a": 0.9135311690609023,
    "fit_b": 0.28174756497001413,
    "fit_c": 0.39010584626913464,
    "fit_R2": 0.9998741899163806
  },
  "Qwen_CoNLL": {
    "model": "Qwen2.5-7B",
    "dataset": "CoNLL2003",
    "N": [
      1,
      2,
      4,
      8,
      16
    ],
    "oracle_f1": [
      0.8731839846215882,
      0.9181922478457972,
      0.9408310822188748,
      0.9540744130007534,
      0.9637342274772788
    ],
    "oracle_f1_std": [
      0.002620600189255423,
      0.0016663028545169515,
      0.00153220304441505,
      0.0007978062811644555,
      0.0
    ],
    "greedy_f1": 0.9123674911660777,
    "fit_a": 0.9724499800236931,
    "fit_b": 0.09896364059619096,
    "fit_c": 0.8385557782951372,
    "fit_R2": 0.9992722947837236
  },
  "Qwen_FewNERD": {
    "model": "Qwen2.5-7B",
    "dataset": "FewNERD",
    "N": [
      1,
      2,
      4,
      8,
      16
    ],
    "oracle_f1": [
      0.7056160008540558,
      0.7940135676713462,
      0.8488694751789719,
      0.8857663757536629,
      0.9118358430209879
    ],
    "oracle_f1_std": [
      0.004590692310140593,
      0.0024060479179442372,
      0.0011597687492870996,
      0.000902163620980815,
      0.0
    ],
    "greedy_f1": 0.7926360352662445,
    "fit_a": 0.957048896935629,
    "fit_b": 0.2510446359626889,
    "fit_c": 0.6119111080756432,
    "fit_R2": 0.9998623840429924
  },
  "LLaMA_SciERC": {
    "model": "LLaMA-3.1-8B",
    "dataset": "SciERC",
    "N": [
      1,
      2,
      4,
      8,
      16
    ],
    "oracle_f1": [
      0.6415382200947318,
      0.6992995797720855,
      0.742851629167839,
      0.7789932792551235,
      0.8105992171032821
    ],
    "oracle_f1_std": [
      0.0071239556456186405,
      0.003472845539744124,
      0.0038576458614601795,
      0.002973588698722318,
      0.0
    ],
    "greedy_f1": 0.6618444846292949,
    "fit_a": 0.9378042497479906,
    "fit_b": 0.29574570926818206,
    "fit_c": 0.30228627989867773,
    "fit_R2": 0.9997786557755753
  },
  "LLaMA_CoNLL": {
    "model": "LLaMA-3.1-8B",
    "dataset": "CoNLL2003",
    "N": [
      1,
      2,
      4,
      8,
      16
    ],
    "oracle_f1": [
      0.9266594176436158,
      0.9358375746167475,
      0.9421345337408015,
      0.9477629183811157,
      0.9523893805309734
    ],
    "oracle_f1_std": [
      0.0013868568012321866,
      0.001014832551432882,
      0.0008631153955183307,
      0.0007037519402518705,
      0.0
    ],
    "greedy_f1": 0.9297546283993268,
    "fit_a": 0.9693855600742608,
    "fit_b": 0.042598511146312246,
    "fit_c": 0.32877386797492497,
    "fit_R2": 0.9994059091429256
  },
  "LLaMA_FewNERD": {
    "model": "LLaMA-3.1-8B",
    "dataset": "FewNERD",
    "N": [
      1,
      2,
      4,
      8
    ],
    "oracle_f1": [
      0.7487717211527392,
      0.8156028278391373,
      0.8578697272870948,
      0.8872631660351094
    ],
    "oracle_f1_std": [
      0.0008700694775490355,
      0.0006198199803797618,
      0.000489390816754823,
      0.0
    ],
    "greedy_f1": 0.7991241744267137,
    "fit_a": 0.941147652893332,
    "fit_b": 0.19225461386736362,
    "fit_c": 0.6091793939920455,
    "fit_R2": 0.999929705914334
  }
}