{
  "experiment": "E_theta_v2_mlp",
  "description": "Full features + 2-layer MLP (hidden=64, ReLU) for adaptive theta prediction",
  "n_configs": 18,
  "n_samples_per_instance": 8,
  "theta_grid": [
    0.3,
    0.35,
    0.4,
    0.45,
    0.5,
    0.55,
    0.6,
    0.65,
    0.7
  ],
  "feature_names": [
    "degeneracy_level",
    "lp_variance",
    "sample_count_N",
    "dataset_id",
    "model_id",
    "agreement_mean",
    "n_unique_entities"
  ],
  "model": "MLPRegressor(hidden=64, relu, StandardScaler, LOCO-CV)",
  "summary": {
    "mean_f1_fixed_05": 0.793996088247293,
    "mean_f1_adaptive_mlp": 0.7905919311606504,
    "mean_f1_oracle": 0.7951832545412079,
    "delta_mlp_minus_fixed": -0.0034041570866424897,
    "delta_oracle_minus_fixed": 0.001187166293914817,
    "gap_closed_pct": 16.666666666666668,
    "theta_exact_match": 3,
    "theta_within_005": 5,
    "theta_within_010": 6,
    "win_tie_loss_vs_fixed": {
      "win": 3,
      "tie": 4,
      "loss": 11
    }
  },
  "per_config": {
    "LLaMA_CoNLL_s123": {
      "model": "LLaMA-8B",
      "dataset": "conll",
      "n_instances": 2756,
      "features": {
        "degeneracy_level": 0.887155297532656,
        "lp_variance": 0.00019769015282962419,
        "sample_count_N": 8,
        "agreement_mean": 0.9291186161449753,
        "n_unique_entities": 2.202467343976778,
        "dataset_id": 1,
        "model_id": 1
      },
      "f1_by_theta": {
        "0.3": 0.9278985826217097,
        "0.35": 0.9278985826217097,
        "0.4": 0.9286599398123562,
        "0.45": 0.9286599398123562,
        "0.5": 0.9286599398123562,
        "0.55": 0.9296075464981757,
        "0.6": 0.9296075464981757,
        "0.65": 0.9296253241527318,
        "0.7": 0.9296253241527318
      },
      "oracle_theta": 0.65,
      "pred_theta_raw": -0.822350871759684,
      "pred_theta": 0.3,
      "f1_pred": 0.9278985826217097,
      "f1_fixed_05": 0.9286599398123562,
      "f1_oracle": 0.9296253241527318
    },
    "LLaMA_CoNLL_s42": {
      "model": "LLaMA-8B",
      "dataset": "conll",
      "n_instances": 2756,
      "features": {
        "degeneracy_level": 0.8838896952104499,
        "lp_variance": 0.00024083041124779687,
        "sample_count_N": 8,
        "agreement_mean": 0.928721389757945,
        "n_unique_entities": 2.20355587808418,
        "dataset_id": 1,
        "model_id": 1
      },
      "f1_by_theta": {
        "0.3": 0.9296840623074893,
        "0.35": 0.9296840623074893,
        "0.4": 0.9308087064236418,
        "0.45": 0.9308087064236418,
        "0.5": 0.9308087064236418,
        "0.55": 0.9316847536025619,
        "0.6": 0.9316847536025619,
        "0.65": 0.9306487695749441,
        "0.7": 0.9306487695749441
      },
      "oracle_theta": 0.55,
      "pred_theta_raw": -0.8230253012665082,
      "pred_theta": 0.3,
      "f1_pred": 0.9296840623074893,
      "f1_fixed_05": 0.9308087064236418,
      "f1_oracle": 0.9316847536025619
    },
    "LLaMA_CoNLL_s456": {
      "model": "LLaMA-8B",
      "dataset": "conll",
      "n_instances": 2756,
      "features": {
        "degeneracy_level": 0.8886066763425254,
        "lp_variance": 0.0001735925845054816,
        "sample_count_N": 8,
        "agreement_mean": 0.9317261609651297,
        "n_unique_entities": 2.1955732946298983,
        "dataset_id": 1,
        "model_id": 1
      },
      "f1_by_theta": {
        "0.3": 0.9296097260153291,
        "0.35": 0.9296097260153291,
        "0.4": 0.9308666017526777,
        "0.45": 0.9308666017526777,
        "0.5": 0.9308666017526777,
        "0.55": 0.9306877836106414,
        "0.6": 0.9306877836106414,
        "0.65": 0.9295296011446968,
        "0.7": 0.9295296011446968
      },
      "oracle_theta": 0.4,
      "pred_theta_raw": -0.821213262436805,
      "pred_theta": 0.3,
      "f1_pred": 0.9296097260153291,
      "f1_fixed_05": 0.9308666017526777,
      "f1_oracle": 0.9308666017526777
    },
    "LLaMA_FewNERD_s123": {
      "model": "LLaMA-8B",
      "dataset": "fewnerd",
      "n_instances": 32565,
      "features": {
        "degeneracy_level": 0.2062643942883464,
        "lp_variance": 0.0011341552352464096,
        "sample_count_N": 8,
        "agreement_mean": 0.5822866464792937,
        "n_unique_entities": 5.040042990941195,
        "dataset_id": 2,
        "model_id": 1
      },
      "f1_by_theta": {
        "0.3": 0.7926904116098121,
        "0.35": 0.7926904116098121,
        "0.4": 0.7981588870107919,
        "0.45": 0.7981588870107919,
        "0.5": 0.7981588870107919,
        "0.55": 0.7919430248994237,
        "0.6": 0.7919430248994237,
        "0.65": 0.7729484046319348,
        "0.7": 0.7729484046319348
      },
      "oracle_theta": 0.4,
      "pred_theta_raw": 0.18280540047889993,
      "pred_theta": 0.3,
      "f1_pred": 0.7926904116098121,
      "f1_fixed_05": 0.7981588870107919,
      "f1_oracle": 0.7981588870107919
    },
    "LLaMA_FewNERD_s42": {
      "model": "LLaMA-8B",
      "dataset": "fewnerd",
      "n_instances": 32565,
      "features": {
        "degeneracy_level": 0.23359434976201443,
        "lp_variance": 0.000756108693156909,
        "sample_count_N": 8,
        "agreement_mean": 0.5998704744069913,
        "n_unique_entities": 4.919391985260249,
        "dataset_id": 2,
        "model_id": 1
      },
      "f1_by_theta": {
        "0.3": 0.7929018026776153,
        "0.35": 0.7929018026776153,
        "0.4": 0.7991232206613155,
        "0.45": 0.7991232206613155,
        "0.5": 0.7991232206613155,
        "0.55": 0.7938350680544436,
        "0.6": 0.7938350680544436,
        "0.65": 0.7769032148228018,
        "0.7": 0.7769032148228018
      },
      "oracle_theta": 0.4,
      "pred_theta_raw": 0.06194298271992357,
      "pred_theta": 0.3,
      "f1_pred": 0.7929018026776153,
      "f1_fixed_05": 0.7991232206613155,
      "f1_oracle": 0.7991232206613155
    },
    "LLaMA_FewNERD_s456": {
      "model": "LLaMA-8B",
      "dataset": "fewnerd",
      "n_instances": 32565,
      "features": {
        "degeneracy_level": 0.1383694150161216,
        "lp_variance": 0.0023411771330055,
        "sample_count_N": 8,
        "agreement_mean": 0.57893637165467,
        "n_unique_entities": 4.978627360663289,
        "dataset_id": 2,
        "model_id": 1
      },
      "f1_by_theta": {
        "0.3": 0.7916997302015553,
        "0.35": 0.7916997302015553,
        "0.4": 0.7961011124033232,
        "0.45": 0.7961011124033232,
        "0.5": 0.7961011124033232,
        "0.55": 0.7882624334459423,
        "0.6": 0.7882624334459423,
        "0.65": 0.7672065826370854,
        "0.7": 0.7672065826370854
      },
      "oracle_theta": 0.4,
      "pred_theta_raw": 0.705840012608427,
      "pred_theta": 0.7,
      "f1_pred": 0.7672065826370854,
      "f1_fixed_05": 0.7961011124033232,
      "f1_oracle": 0.7961011124033232
    },
    "LLaMA_SciERC_s123": {
      "model": "LLaMA-8B",
      "dataset": "scierc",
      "n_instances": 529,
      "features": {
        "degeneracy_level": 0.1947069943289225,
        "lp_variance": 0.0005375412957675819,
        "sample_count_N": 8,
        "agreement_mean": 0.6258320281910729,
        "n_unique_entities": 4.8279773156899815,
        "dataset_id": 0,
        "model_id": 1
      },
      "f1_by_theta": {
        "0.3": 0.6678230702515178,
        "0.35": 0.6678230702515178,
        "0.4": 0.6715239829993929,
        "0.45": 0.6715239829993929,
        "0.5": 0.6715239829993929,
        "0.55": 0.6651785714285714,
        "0.6": 0.6651785714285714,
        "0.65": 0.6519706078824316,
        "0.7": 0.6519706078824316
      },
      "oracle_theta": 0.4,
      "pred_theta_raw": 0.014837762175040792,
      "pred_theta": 0.3,
      "f1_pred": 0.6678230702515178,
      "f1_fixed_05": 0.6715239829993929,
      "f1_oracle": 0.6715239829993929
    },
    "LLaMA_SciERC_s42": {
      "model": "LLaMA-8B",
      "dataset": "scierc",
      "n_instances": 529,
      "features": {
        "degeneracy_level": 0.19848771266540643,